{
  "images" : [
    {
      "idiom" : "universal",
      "scale" : "1x"
    },
    {
      "idiom" : "universal",
      "scale" : "2x"
    },
    {
      "filename" : "ic_doted.png",
      "idiom" : "universal",
      "resizing" : {
        "cap-insets" : {
          "left" : 0,
          "right" : 0
        },
        "center" : {
          "mode" : "tile",
          "width" : 31
        },
        "mode" : "3-part-horizontal"
      },
      "scale" : "3x"
    }
  ],
  "info" : {
    "author" : "xcode",
    "version" : 1
  }
}
